,eval_loss,eval_Accuracy,eval_F1_Score,eval_Precision,eval_Recall,eval_Specificity,eval_precision_0_class,eval_runtime,eval_samples_per_second,eval_steps_per_second,run,model_path
0,0.21193069219589233,0.9144,0.9144,0.919549477071601,0.9093078758949881,0.919549477071601,0.9093078758949881,44.2772,56.463,7.069,LoRA_R16_GPT2,./peft_gpt2_LoRA_imdb_0611232402_saved
0,0.20764872431755066,0.9232,0.9228295819935691,0.9325751421608448,0.9132856006364359,0.9332260659694288,0.9141055949566588,47.6834,52.429,6.564,LoRA_R8_GPT2,./peft_gpt2_LoRA_imdb_0648252402_saved
0,0.2027329057455063,0.9224,0.9229547259729944,0.9214908802537668,0.92442322991249,0.9203539823008849,0.9233252623083131,46.4293,53.845,6.741,QLoRA_R8_Q8_GPT2,./peft_gpt2_QLoRA_imdb_0726382402_saved
0,0.22053144872188568,0.9188,0.9196039603960396,0.9156151419558359,0.9236276849642004,0.913917940466613,0.922077922077922,47.3542,52.794,6.61,QLoRA_R8_Q4_GPT2,./peft_gpt2_QLoRA_imdb_0810132402_saved
0,0.1774991899728775,0.9388,0.93935790725327,0.9360189573459715,0.9427207637231504,0.9348350764279968,0.9416531604538088,42.0294,59.482,7.447,LoRA_R8_RO-BASE,./peft_roberta-base_LoRA_imdb_0841512402_saved
0,0.16358478367328644,0.942,0.9425287356321839,0.9391785150078988,0.9459029435163087,0.9380530973451328,0.9448946515397083,41.7091,59.939,7.504,LoRA_R16_RO-BASE,./peft_roberta-base_LoRA_imdb_0857172402_saved
0,0.17864076793193817,0.9284,0.9270281288218508,0.9506688963210702,0.9045346062052506,0.9525341914722446,0.9079754601226994,41.7769,59.842,7.492,LoRA_R4_RO-BASE,./peft_roberta-base_LoRA_imdb_0920022402_saved
0,0.20760947465896606,0.9184,0.9187250996015937,0.9201915403032721,0.9172633253778838,0.919549477071601,0.9165998396150762,46.8707,53.338,6.678,LoRA_R4_GPT2,./peft_gpt2_LoRA_imdb_0934532402_saved
0,0.22347226738929749,0.9184,0.919047619047619,0.9168646080760094,0.9212410501193318,0.915526950925181,0.919967663702506,46.8867,53.32,6.676,QLoRA_R4_Q4_GPT2,./peft_gpt2_QLoRA_imdb_0956482402_saved
