Basic Description,Description,Neighborhood Description
"This house exists in the neighborhood of  Historic Downtown with total size of  1,800 sqft. Number of bedrooms and bathrooms in the house is  3 and  2 respectively. Price of the house is  $895,000"," Charming Victorian home located in the heart of Historic Downtown. This cozy and spacious 3 bedroom, 2 bathroom residence boasts elegant hardwood floors, a bright and airy kitchen, and a private backyard perfect for entertaining. Enjoy the best of downtown living with shops, restaurants, and parks just steps away."," Immerse yourself in the quaint and vibrant atmosphere of Historic Downtown. With beautifully preserved landmarks, lively entertainment options, and a strong sense of community, this charming neighborhood is the perfect blend of old-world elegance and modern convenience."
"This house exists in the neighborhood of  Waterfront with total size of  2,200 sqft. Number of bedrooms and bathrooms in the house is  2 and  2 respectively. Price of the house is  $1,250,000"," Stunning waterfront property with panoramic views of the bay. This 2 bedroom, 2 bathroom home offers a spacious and open floor plan, modern finishes, and a private boat dock. Relax on your balcony and watch the sunset over the glistening water, or take a short walk to the nearby marina and restaurants."," Experience the ultimate waterfront lifestyle in this desirable neighborhood. With easy access to boating, fishing, and dining options, you'll never run out of ways to enjoy the stunning bay views. Come see why Waterfront is one of the most sought-after communities in the area."
"This house exists in the neighborhood of  Suburban Heights with total size of  2,500 sqft. Number of bedrooms and bathrooms in the house is  4 and  2 respectively. Price of the house is  $550,000"," Welcome home to this spacious 4 bedroom, 2 bathroom retreat in the peaceful Suburban Heights neighborhood. Featuring a large backyard, perfect for family gatherings, and a cozy fireplace for those chilly evenings. This well-maintained home is located just minutes away from top-rated schools and shopping."," Escape the hustle and bustle of the city and find tranquility in Suburban Heights. This family-friendly neighborhood offers a safe and welcoming environment, with tree-lined streets, local parks, and a strong sense of community. Enjoy a peaceful suburban lifestyle without sacrificing convenience."
"This house exists in the neighborhood of  Beachfront with total size of  4,000 sqft. Number of bedrooms and bathrooms in the house is  5 and  4 respectively. Price of the house is  $3,500,000"," Luxurious beachfront estate with stunning ocean views. This 5 bedroom, 4 bathroom home offers top-of-the-line finishes, a gourmet kitchen, and a private pool and spa. Take a short stroll down to the beach and enjoy the sun, sand, and surf. This is coastal living at its finest."," Unwind and soak up the sun in this prestigious beachfront community. With breathtaking ocean views, white sandy beaches, and exclusive amenities, Beachfront is the epitome of luxury coastal living. Don't miss your chance to own a piece of paradise."
"This house exists in the neighborhood of  Mountain View with total size of  2,000 sqft. Number of bedrooms and bathrooms in the house is  3 and  2 respectively. Price of the house is  $750,000"," Nestled among the tranquil mountain landscape, this 3 bedroom, 2 bathroom home offers a serene retreat from city life. Enjoy spectacular views from every room, a spacious deck for outdoor entertaining, and a cozy fireplace for those chilly nights. Just minutes away from hiking trails and outdoor activities."," Surround yourself with nature in the serene and picturesque neighborhood of Mountain View. With breathtaking mountain views and easy access to outdoor activities, this community is perfect for those who love the great outdoors. Escape the chaos of city living and find peace in Mountain View."
"This house exists in the neighborhood of  Urban Downtown with total size of  1,500 sqft. Number of bedrooms and bathrooms in the house is  2 and  2 respectively. Price of the house is  $1,100,000"," Live in the heart of the city in this modern and stylish 2 bedroom, 2 bathroom condo in Urban Downtown. With high-end finishes, an open floor plan, and access to a rooftop pool and fitness center, this is urban living at its finest. Just steps away from trendy restaurants, shops, and nightlife."," Be in the center of it all in bustling Urban Downtown. This lively and vibrant neighborhood offers a bustling city atmosphere with an array of dining, shopping, and entertainment options. Enjoy the convenience and excitement of city living in this popular urban community."
"This house exists in the neighborhood of  Lakeside Retreat with total size of  2,500 sqft. Number of bedrooms and bathrooms in the house is  4 and  3 respectively. Price of the house is  $600,000"," Escape to your own lakeside oasis in this beautifully appointed 4 bedroom, 3 bathroom home. With stunning lake views, a private dock, and a spacious deck for entertaining, this home is perfect for relaxation and entertainment. Take a stroll around the lake or enjoy water sports right from your backyard."," Experience the tranquility of lakeside living in this picturesque neighborhood. Surrounded by peaceful water views, local parks, and plenty of outdoor activities, Lakeside Retreat is the ideal community for nature lovers. Don't miss out on the opportunity to own a piece of this serene lakeside paradise."
"This house exists in the neighborhood of  Historic District with total size of  3,500 sqft. Number of bedrooms and bathrooms in the house is  6 and  4 respectively. Price of the house is  $1,500,000"," Immerse yourself in the rich history of this charming 6 bedroom, 4 bathroom home in the Historic District. This beautifully restored Victorian boasts intricate details, a spacious backyard, and a separate guest house. Enjoy the convenience of living just steps away from quaint shops, restaurants, and local attractions."," Step back in time and stroll through the charming streets of the Historic District. With well-preserved historic homes, quaint shops, and local landmarks, this neighborhood is full of character and nostalgia. Come see why residents take great pride in calling this neighborhood home."
"This house exists in the neighborhood of  Golf Course Community with total size of  4,000 sqft. Number of bedrooms and bathrooms in the house is  5 and  4 respectively. Price of the house is  $900,000"," Live the resort lifestyle in this spacious and elegant 5 bedroom, 4 bathroom home in the prestigious Golf Course Community. This luxurious home offers a private pool and spa, a gourmet kitchen, and breathtaking golf course views. Join the country club and enjoy access to golf, tennis, and exclusive amenities."," Tee off in style and experience the luxurious lifestyle of this prestigious golf course community. With immaculately maintained courses, a stunning clubhouse and exclusive amenities, this neighborhood is perfect for those who enjoy the finer things in life. Treat yourself to resort-style living in Golf Course Community."
"This house exists in the neighborhood of  Arts District with total size of  1,800 sqft. Number of bedrooms and bathrooms in the house is  3 and  2 respectively. Price of the house is  $800,000"," This modern and sleek 3 bedroom, 2 bathroom loft is located in the vibrant Arts District. With high ceilings, an open floor plan, and plenty of natural light, this home is perfect for artists and creatives. Explore the neighborhood's galleries, eateries, and entertainment options, all just steps away from your front door."," Immerse yourself in the creative and bustling atmosphere of the Arts District. This eclectic neighborhood is home to local galleries, studios, and unique dining options. Lose yourself in the vibrant energy of this neighborhood, where inspiration is just around the corner."
"This house exists in the neighborhood of  Country Living with total size of  2,000 sqft. Number of bedrooms and bathrooms in the house is  4 and  3 respectively. Price of the house is  $450,000"," Enjoy the peace and quiet of country living in this charming 4 bedroom, 3 bathroom farmhouse. This home boasts a spacious wrap-around porch, a bright and open kitchen, and a large backyard for outdoor entertaining. Take a deep breath and relax in this tranquil, rural setting."," Get away from the noise and chaos of the city and experience the simplicity of country living. With vast open spaces, fresh air, and a tight-knit community, this neighborhood offers a peaceful and laid-back lifestyle. Escape to the countryside in this idyllic Country Living community."
"This house exists in the neighborhood of  Riverfront with total size of  4,500 sqft. Number of bedrooms and bathrooms in the house is  6 and  4 respectively. Price of the house is  $1,800,000"," Treat yourself to luxury living in this elegant 6 bedroom, 4 bathroom riverfront estate. Boasting high-end finishes, a private boat dock, and breathtaking river views, this home offers the perfect blend of comfort and sophistication. Enjoy outdoor activities right from your backyard or relax in the serenity of your own private oasis."," Experience the ultimate waterfront lifestyle in this exclusive riverfront community. With stunning river views, private boat slips, and easy access to water activities, this neighborhood is perfect for boating enthusiasts and nature lovers alike. Come see why Riverfront is one of the most sought-after communities in the area."
"This house exists in the neighborhood of  Family-Friendly Subdivision with total size of  3,000 sqft. Number of bedrooms and bathrooms in the house is  4 and  3 respectively. Price of the house is  $650,000"," Make memories with your family in this spacious 4 bedroom, 3 bathroom home in the desirable Family-Friendly Subdivision. With an open concept layout, a large backyard, and access to community amenities like a pool and playground, this home is perfect for families. Conveniently located near top-rated schools and entertainment options."," Discover the perfect place to raise a family in the warm and friendly Family-Friendly Subdivision. With a strong sense of community, a variety of family-friendly activities and top-rated schools, this neighborhood offers everything a growing family needs. Experience the joy of family life in this welcoming community."
"This house exists in the neighborhood of  Oceanview with total size of  2,500 sqft. Number of bedrooms and bathrooms in the house is  3 and  2 respectively. Price of the house is  $2,200,000"," Wake up to breathtaking ocean views in this stunning 3 bedroom, 2 bathroom home in Oceanview. This modern and elegant residence offers high-end finishes, a gourmet kitchen, and a private balcony with panoramic views of the Pacific. Walk to nearby beaches or relax in your own personal oasis."," Indulge in the coastal lifestyle in the elite neighborhood of Oceanview. With picturesque ocean views, easy access to the beach, and a laid-back atmosphere, this community is perfect for those who love the ocean. Don't miss your chance to live in one of the most sought-after neighborhoods in the area."
"This house exists in the neighborhood of  Gated Community with total size of  5,000 sqft. Number of bedrooms and bathrooms in the house is  5 and  4 respectively. Price of the house is  $2,500,000"," Live in luxury and privacy in this exquisite 5 bedroom, 4 bathroom home in a coveted gated community. This home offers top-of-the-line finishes, a private pool and spa, and scenic mountain views. Enjoy the safety and exclusivity of a gated community, while still being just a short drive away from city amenities."," Experience the ultimate in exclusivity and security in the prestigious Gated Community. With lush landscaping, grand entrance gates, and top-notch security, this neighborhood offers the utmost privacy and tranquility. Live surrounded by luxury and serenity in this highly sought-after neighborhood."
